"Quarter","Mean","Standard_Deviation","Variance","Confidence_Lower_Bound_95","Confidence_Higher_Bound_95"
"Winter",1021233239.23684,574825398.731568,330424239026906176,867852294.752571,1174614183.72111
"Spring",1817182358.47368,798690441.367993,637906421132599936,1604067394.31604,2030297322.63133
"Summer",1470227204.02632,616285290.37527,379807559132931328,1305783496.21851,1634670911.83413
"Fall",2002648364.68421,868419737.079828,754152839749797888,1770927498.18108,2234369231.18734
